Name,SSN,Gender,Birthday,Age,Address(street Address, State Zip Code)
Kling Lonny,430-23-4768,male,19910313,31,52193 Kip Inlet Botsfordfurt, Hialeah, FL 33133
Thiel Raquel,328-50-0708,female,19710228,51,961 Roberts Centers, Yorkstown, FL 32201
Cartwright Akeem,005-14-6192,male,19961218,27,7907 Larkin Cliffs Apt. 754, Little Cuba, FL 32008
Hayes Paxton,006-80-1717,male,19700807,53,611 Walter Viaduct, Doral, FL 32003
Schneider Zoila,520-40-3737,female,19970119,25,606 Lupe Vista, Sweetwater, FL 33133
Towne Alfonso,647-82-8068,male,19790722,43,30675 Mertz Springs, Brownsville, FL 32201
Donnelly Aric,672-18-4647,male,19770422,46,3375 Thelma Fall, Orlando, FL 32003
Sporer Alaina,520-40-9387,female,19941212,29,728 Lavada Knoll Suite 734, Clamport, FL 32011
Dooley Triston,541-73-7583,male,19980722,24,768 VonRueden Stream Suite 186, Proville, FL 32008
Auer Ubaldo,425-85-4500,male,19801216,43,931 Schultz Bridge Apt. 967, Hardbrough, FL 32003
Huel Pearline,304-90-5792,female,19750301,47,14080 Reilly Walk Suite 693, Queensworth, FL 33133
Brown Santos,630-15-3548,male,19701019,52,421 Dale Freeway Apt. 660, Clamport, FL 32003
Schaefer Willis,544-15-7965,male,19970423,26,3618 Homenick Crest Apt. 089, Hialeah, FL 32046
Adams Ernie,520-42-1683,male,19750223,47,260 Deshawn Prairie, Yorkstown, FL 32054
McKenzie Andreane,681-12-0698,female,19801017,42,8196 Werner Hill Apt. 116, Doral, FL 32058
Hammes Green,400-90-4128,male,19760816,47,368 Zboncak Street Apt. 079, Little Cuba, FL 32087
Smith Jaylon,690-20-2333,male,19880113,34,345 Forrest Tunnel, Doral, FL 32092
Bergstrom Sabryna,248-50-0816,female,19820824,41,140 Justus Orchard, Sweetwater, FL 32013
Prohaska Shaun,515-04-0355,male,19880310,34,781 Koss Ports Suite 758, Brownsville, FL 32201
Hauck Elwin,052-54-5550,male,19810727,41,677 Terry Land Suite 151, Pinebay, FL 32140
